{
    "final_training_losses": [
        0.4786104926287033,
        0.48300100303697463,
        0.4658061120140897,
        0.4905083523647679,
        0.49997651354847306,
        0.5036098586605603,
        0.4684313945570017,
        0.49148570458720053,
        0.4672789409248222,
        0.528481601292067,
        0.44867365468205433,
        0.5225154885156887,
        0.43694587417162,
        0.48556026092038695,
        0.4975190883546364,
        0.43021033906874073,
        0.5066378647261092,
        0.5041189350168224,
        0.4996353932253019,
        0.5042946163437811,
        0.46801436125762824,
        0.4693383161164332,
        0.4938730932596162,
        0.48916538418747313,
        0.4975364377179484
    ],
    "final_training_accuracies": [
        0.8079790066233458,
        0.8075590603620675,
        0.8261417372645982,
        0.8054593189494816,
        0.799370082407173,
        0.7975853035143354,
        0.8099737583495814,
        0.8104986919192818,
        0.8180577472126078,
        0.7775328084552695,
        0.8236220513741802,
        0.7972703469394073,
        0.8306561742867699,
        0.8054593237053379,
        0.7991601077903288,
        0.8306561695309136,
        0.8014698214418307,
        0.8014698143080464,
        0.8112335989168623,
        0.8028346487230517,
        0.8128084020038916,
        0.8135433101904361,
        0.8044094553769731,
        0.8023097151533513,
        0.8028346475340876
    ],
    "final_training_f1_scores": [
        0.8071867064098888,
        0.8035606178571191,
        0.8259013453786775,
        0.8038200503669035,
        0.7986987434071515,
        0.7950830313741832,
        0.8090057434148172,
        0.8094778073626133,
        0.8153901845886745,
        0.7766484714687814,
        0.8237601925459282,
        0.7950471335593338,
        0.8312340191285381,
        0.8037280006866837,
        0.7979276545034371,
        0.8325386670514769,
        0.8011267863230307,
        0.8028711547353864,
        0.8093355339393622,
        0.8026399917657182,
        0.8110734253096338,
        0.8156414399289631,
        0.8018220038155296,
        0.8029814401216596,
        0.7997279591808497
    ],
    "final_testing_losses": [
        0.5708524584770203,
        0.6490951180458069,
        0.674496054649353,
        0.6039137244224548,
        0.5710687637329102,
        0.6092308759689331,
        0.6056004762649536,
        0.5806293487548828,
        0.604733943939209,
        0.6053930521011353,
        0.607123613357544,
        0.5726431012153625,
        0.629738986492157,
        0.6176561713218689,
        0.6304889917373657,
        0.5983729958534241,
        0.603684663772583,
        0.6261258721351624,
        0.5512600541114807,
        0.5925595760345459,
        0.6164788007736206,
        0.5796152353286743,
        0.6036130785942078,
        0.596284031867981,
        0.632564902305603
    ],
    "final_testing_accuracies": [
        0.77183598279953,
        0.7522281408309937,
        0.7611408233642578,
        0.7700534462928772,
        0.7754010558128357,
        0.7557932138442993,
        0.77183598279953,
        0.7629233598709106,
        0.7415329813957214,
        0.7468805909156799,
        0.7361853718757629,
        0.759358286857605,
        0.77183598279953,
        0.7557932138442993,
        0.7272727489471436,
        0.7557932138442993,
        0.7522281408309937,
        0.7540106773376465,
        0.7664884328842163,
        0.759358286857605,
        0.7326202988624573,
        0.7522281408309937,
        0.7397504448890686,
        0.7504456043243408,
        0.7308377623558044
    ],
    "final_testing_f1_scores": [
        0.7713943870524909,
        0.7513402892218158,
        0.7622022584512965,
        0.7700984685714618,
        0.7760706630551581,
        0.753838007036881,
        0.771027359719348,
        0.7622321029044679,
        0.7387295397457335,
        0.7480132906263277,
        0.7355233114765393,
        0.7596186956794101,
        0.7695997893947841,
        0.757200544345763,
        0.7315526469481414,
        0.7555965133316649,
        0.7513803429069268,
        0.7529987928653671,
        0.7652243962457448,
        0.7602459022422473,
        0.7347469471098043,
        0.7520090107418824,
        0.7388321409508335,
        0.7508445392882022,
        0.7301335869154179
    ],
    "mean_training_loss": 0.4852491632471561,
    "std_training_loss": 0.023610441486092155,
    "mean_training_accuracy": 0.8079958040933285,
    "std_training_accuracy": 0.011448777152967866,
    "mean_training_f1_score": 0.8070491241689736,
    "std_training_f1_score": 0.01201880402123528,
    "mean_testing_loss": 0.6053289556503296,
    "std_testing_loss": 0.026324344418352654,
    "mean_testing_accuracy": 0.7541532874107361,
    "std_testing_accuracy": 0.01338603480193043,
    "mean_testing_f1_score": 0.7540181410731084,
    "std_testing_f1_score": 0.01302314252528574
}