{
    "final_training_losses": [
        0.4194945991039276,
        0.40132224559783936,
        0.4139155149459839,
        0.41228967905044556,
        0.3952229917049408,
        0.45940518379211426,
        0.41606369614601135,
        0.41675636172294617,
        0.4215998351573944,
        0.44668200612068176,
        0.3837759792804718,
        0.42008012533187866,
        0.3957013785839081,
        0.4220949113368988,
        0.4025554358959198,
        0.39397916197776794,
        0.4146864116191864,
        0.39850157499313354,
        0.39074409008026123,
        0.43333345651626587,
        0.40807563066482544,
        0.4136783182621002,
        0.4129437506198883,
        0.42675817012786865,
        0.412770539522171
    ],
    "final_training_accuracies": [
        0.8269402384757996,
        0.8376449346542358,
        0.8224799036979675,
        0.819357693195343,
        0.8380910158157349,
        0.7992863655090332,
        0.8363068699836731,
        0.8282783031463623,
        0.8157894611358643,
        0.8095450401306152,
        0.8385370373725891,
        0.8331846594810486,
        0.8380910158157349,
        0.8305084705352783,
        0.8380910158157349,
        0.8349688053131104,
        0.825602114200592,
        0.8407671451568604,
        0.8345227241516113,
        0.8162354826927185,
        0.8233720064163208,
        0.8264942169189453,
        0.8251560926437378,
        0.8144513964653015,
        0.8157894611358643
    ],
    "final_training_f1_scores": [
        0.8258237884419766,
        0.8364051999810057,
        0.8213084237039738,
        0.8177300575298242,
        0.8369695647570542,
        0.7979288333207842,
        0.8347656627822327,
        0.8269501387336978,
        0.814001031732353,
        0.8083666644454909,
        0.8373413582463628,
        0.832440713778191,
        0.837452099230568,
        0.8291665936257253,
        0.837107191510874,
        0.8337598348597522,
        0.8242484297068157,
        0.8399887916186225,
        0.8331344371213607,
        0.8145624376660218,
        0.8215692217527141,
        0.8253164503364963,
        0.8236514754399129,
        0.8129953339653502,
        0.8145716120175058
    ],
    "final_testing_losses": [
        0.5318748950958252,
        0.5903622508049011,
        0.5514425039291382,
        0.5932868719100952,
        0.5690972805023193,
        0.5645697116851807,
        0.6123440265655518,
        0.5571372509002686,
        0.5984321236610413,
        0.5494421720504761,
        0.5440967082977295,
        0.5381643176078796,
        0.5406914353370667,
        0.62888503074646,
        0.530714213848114,
        0.5602251887321472,
        0.5478088855743408,
        0.5786027312278748,
        0.5771892070770264,
        0.5826212763786316,
        0.5458757281303406,
        0.5873831510543823,
        0.613652765750885,
        0.5543192028999329,
        0.5236915349960327
    ],
    "final_testing_accuracies": [
        0.782531201839447,
        0.7754010558128357,
        0.7807486653327942,
        0.7611408233642578,
        0.782531201839447,
        0.7700534462928772,
        0.7736185193061829,
        0.7896613478660583,
        0.7575757503509521,
        0.7932263612747192,
        0.7736185193061829,
        0.7736185193061829,
        0.7985739707946777,
        0.7664884328842163,
        0.7860962748527527,
        0.7932263612747192,
        0.7860962748527527,
        0.7985739707946777,
        0.7647058963775635,
        0.7736185193061829,
        0.7843137383460999,
        0.7771835923194885,
        0.7575757503509521,
        0.7754010558128357,
        0.7860962748527527
    ],
    "final_testing_f1_scores": [
        0.7821450889677796,
        0.7750285308670728,
        0.7806048599411468,
        0.7608693169027793,
        0.7826166636111889,
        0.7690141881695762,
        0.7733732729033059,
        0.7898596709660477,
        0.7574186304396797,
        0.7927758214199241,
        0.7728962143188509,
        0.7738696791533379,
        0.7981159384759284,
        0.7660337531808226,
        0.786096256684492,
        0.7918122262254449,
        0.7859587626843246,
        0.7982484249553451,
        0.7633570686417493,
        0.7734104911058358,
        0.7844016962851168,
        0.777514020689596,
        0.756830354493957,
        0.7742002246078461,
        0.7849390724993425
    ],
    "mean_training_loss": 0.4132972419261932,
    "std_training_loss": 0.01669966026328933,
    "mean_training_accuracy": 0.8267796587944031,
    "std_training_accuracy": 0.010502766357587965,
    "mean_training_f1_score": 0.8255022138521866,
    "std_training_f1_score": 0.010647378191936575,
    "mean_testing_loss": 0.5668764185905456,
    "std_testing_loss": 0.027812247817650695,
    "mean_testing_accuracy": 0.7784670209884643,
    "std_testing_accuracy": 0.011502730040783756,
    "mean_testing_f1_score": 0.7780556091276196,
    "std_testing_f1_score": 0.011559016888835528
}