{
    "final_training_losses": [
        0.5330901145935059,
        0.569786012172699,
        0.5430943369865417,
        0.5188486576080322,
        0.5224702954292297,
        0.5419171452522278,
        0.49280333518981934,
        0.5693216323852539,
        0.4767426550388336,
        0.4822445511817932,
        0.5039379596710205,
        0.523328423500061,
        0.5173595547676086,
        0.5329887866973877,
        0.5469697713851929,
        0.5136207342147827,
        0.5188764929771423,
        0.550539493560791,
        0.5000064373016357,
        0.5077837109565735,
        0.4678310751914978,
        0.517113208770752,
        0.5419557690620422,
        0.5192340016365051,
        0.4982045292854309
    ],
    "final_training_accuracies": [
        0.7648293972015381,
        0.7553805708885193,
        0.7648293972015381,
        0.7790026068687439,
        0.787401556968689,
        0.7648293972015381,
        0.7811023592948914,
        0.7511811256408691,
        0.7900262475013733,
        0.7884514331817627,
        0.7669291496276855,
        0.7748031616210938,
        0.7711285948753357,
        0.7627296447753906,
        0.7632545828819275,
        0.7816272974014282,
        0.7753280997276306,
        0.751706063747406,
        0.7884514331817627,
        0.7837270498275757,
        0.7889763712882996,
        0.77375328540802,
        0.7496063113212585,
        0.7832021117210388,
        0.7753280997276306
    ],
    "final_training_f1_scores": [
        0.7627788256660104,
        0.7534276431352683,
        0.7629922588747957,
        0.7764949197769762,
        0.7850816387362911,
        0.7633361007154611,
        0.7795835867706968,
        0.748427717159521,
        0.7882661040760907,
        0.7868124168550544,
        0.7656801674553992,
        0.7733341984476613,
        0.7690625117036911,
        0.7607332931159728,
        0.7607272108902206,
        0.7804666976457931,
        0.7736553050632652,
        0.7502125486106566,
        0.7863605410658785,
        0.78268434431517,
        0.7878988077841231,
        0.772225758412078,
        0.7481186666828793,
        0.7824286139062053,
        0.7734221629484381
    ],
    "final_testing_losses": [
        0.5971060991287231,
        0.6354896426200867,
        0.6051977872848511,
        0.642784595489502,
        0.6009215116500854,
        0.597437858581543,
        0.6471644043922424,
        0.6279173493385315,
        0.6437124013900757,
        0.6003422141075134,
        0.6496246457099915,
        0.5821582674980164,
        0.623959481716156,
        0.5987902879714966,
        0.5941756963729858,
        0.625853419303894,
        0.6113276481628418,
        0.6215024590492249,
        0.6156182885169983,
        0.5985545516014099,
        0.6293947696685791,
        0.6205343008041382,
        0.6018559336662292,
        0.5841756463050842,
        0.6609230637550354
    ],
    "final_testing_accuracies": [
        0.7450980544090271,
        0.7272727489471436,
        0.7379679083824158,
        0.7504456043243408,
        0.7647058963775635,
        0.7629233598709106,
        0.7415329813957214,
        0.7415329813957214,
        0.7575757503509521,
        0.7664884328842163,
        0.7201426029205322,
        0.7575757503509521,
        0.7397504448890686,
        0.7450980544090271,
        0.7254902124404907,
        0.7450980544090271,
        0.7575757503509521,
        0.7450980544090271,
        0.77183598279953,
        0.7700534462928772,
        0.7522281408309937,
        0.7486631274223328,
        0.7344028353691101,
        0.7575757503509521,
        0.7468805909156799
    ],
    "final_testing_f1_scores": [
        0.7443461255666085,
        0.7272451398051757,
        0.7373607250280677,
        0.748424832566803,
        0.7630684549526473,
        0.7633132530123117,
        0.7404663970421458,
        0.7400043605812213,
        0.7565855066601558,
        0.764550422670303,
        0.719687266680085,
        0.756610002750847,
        0.7390575519409351,
        0.7445899255847669,
        0.724040206248743,
        0.7444338272772285,
        0.7563685471749054,
        0.7436874751005798,
        0.7709928162605018,
        0.7705477792213214,
        0.7517788476099897,
        0.7482137423519951,
        0.7338308253259486,
        0.7573188865550909,
        0.7453995430100114
    ],
    "mean_training_loss": 0.5204027473926545,
    "std_training_loss": 0.02570553608200156,
    "mean_training_accuracy": 0.7727034139633179,
    "std_training_accuracy": 0.012435512371920717,
    "mean_training_f1_score": 0.770968481592544,
    "std_training_f1_score": 0.012579088584440661,
    "mean_testing_loss": 0.6166608929634094,
    "std_testing_loss": 0.021217548671595123,
    "mean_testing_accuracy": 0.7485205006599426,
    "std_testing_accuracy": 0.013367029667671624,
    "mean_testing_f1_score": 0.7476768984391358,
    "std_testing_f1_score": 0.013376505245053174
}