{
    "final_training_losses": [
        0.48966740270455683,
        0.5310144573371868,
        0.5418242889439341,
        0.5023578064022415,
        0.4924326722390383,
        0.5437249383275591,
        0.5443794998909858,
        0.5110482073518549,
        0.4812176393085891,
        0.5471489306509965,
        0.5266651608812528,
        0.5425034703857943,
        0.6252198126841718,
        0.5502747521938615,
        0.5075451456499225,
        0.5013479794104269,
        0.527695606293015,
        0.4804646267665653,
        0.5423119181723107,
        0.5238697533375948,
        0.5472079751998421,
        0.5273267052305026,
        0.5046188337596383,
        0.5235122244189105,
        0.5499044225910518
    ],
    "final_training_accuracies": [
        0.8104986919192818,
        0.792020999352763,
        0.7891863556984529,
        0.8114435794785267,
        0.7970603735115273,
        0.7723884529329035,
        0.7897112845122971,
        0.79569554147445,
        0.8154330757972137,
        0.780682414629328,
        0.7825721796416235,
        0.7876115478555675,
        0.7716535483132511,
        0.7891863568874169,
        0.7958005317552822,
        0.7975853035143354,
        0.7965354375638988,
        0.8028346522899438,
        0.7767979056190631,
        0.7891863533205248,
        0.7818372702661149,
        0.7895013158402732,
        0.8083989564515162,
        0.7923359594945834,
        0.7781627364671763
    ],
    "final_training_f1_scores": [
        0.8103784162962296,
        0.7909531635301781,
        0.7893473673329691,
        0.8101941106830715,
        0.7963318841105382,
        0.7737001077901804,
        0.7866661652150916,
        0.7961388856760033,
        0.8133852561102598,
        0.7798681467992508,
        0.7817758177614762,
        0.7870221580885343,
        0.7717624649883408,
        0.7884818489337505,
        0.7948196767761678,
        0.7993328263272685,
        0.7955419203034435,
        0.8012922403132352,
        0.777069097147173,
        0.7864558914264911,
        0.7808047201180407,
        0.7889934625877111,
        0.8070116734338134,
        0.7890050585825245,
        0.7760757003312682
    ],
    "final_testing_losses": [
        0.5895324349403381,
        0.6786046624183655,
        0.5917161107063293,
        0.6413112878799438,
        0.6070626974105835,
        0.6970556974411011,
        0.6560338139533997,
        0.6463015675544739,
        0.6582956910133362,
        0.6254427433013916,
        0.6227869987487793,
        0.5670596957206726,
        0.6427168250083923,
        0.6078454852104187,
        0.5930525660514832,
        0.618079423904419,
        0.6100970506668091,
        0.5910186171531677,
        0.608579695224762,
        0.6238299012184143,
        0.6045305728912354,
        0.6472040414810181,
        0.5953789353370667,
        0.6320616602897644,
        0.5848250985145569
    ],
    "final_testing_accuracies": [
        0.7700534462928772,
        0.7415329813957214,
        0.7629233598709106,
        0.7611408233642578,
        0.7682709693908691,
        0.7147949934005737,
        0.7397504448890686,
        0.7326202988624573,
        0.7557932138442993,
        0.7504456043243408,
        0.7308377623558044,
        0.7575757503509521,
        0.759358286857605,
        0.7433155179023743,
        0.7468805909156799,
        0.7575757503509521,
        0.7468805909156799,
        0.7611408233642578,
        0.7433155179023743,
        0.7344028353691101,
        0.7522281408309937,
        0.7219251394271851,
        0.7647058963775635,
        0.7183600664138794,
        0.7290552854537964
    ],
    "final_testing_f1_scores": [
        0.7717232709692633,
        0.7426107171966128,
        0.7623457041722823,
        0.7612570009975959,
        0.769064819385358,
        0.7134132970933176,
        0.7407097746392202,
        0.7371378308409502,
        0.7530699829189842,
        0.7492919582551898,
        0.7360779633078766,
        0.7574369664278318,
        0.7599944514552913,
        0.7409210625178897,
        0.7434456882986294,
        0.7569390722927792,
        0.7475736772590298,
        0.7600278456030511,
        0.7408661462297035,
        0.735257070130974,
        0.7554809261539451,
        0.7192579416756281,
        0.7667818041230419,
        0.724845902363223,
        0.7274498471023836
    ],
    "mean_training_loss": 0.5266113692052721,
    "std_training_loss": 0.029724379387899038,
    "mean_training_accuracy": 0.7917648329834925,
    "std_training_accuracy": 0.011585837618902734,
    "mean_training_f1_score": 0.7908963224265204,
    "std_training_f1_score": 0.011380720220591167,
    "mean_testing_loss": 0.6216169309616089,
    "std_testing_loss": 0.030593066318322107,
    "mean_testing_accuracy": 0.7465953636169433,
    "std_testing_accuracy": 0.015471551064541076,
    "mean_testing_f1_score": 0.746919228856402,
    "std_testing_f1_score": 0.015309929875641375
}